SO,news,blogs,policy,twitter,weibo,facebook,wikipedia,redditors,f1000,video,dimensions_citation,mendeley,citeulike,altmetric_score,TC,alt_wang,tc_wang
ANNALS OF OPERATIONS RESEARCH,0,0,0,1,0,1,1,0,0,0,6,7,0,2,15,2,14
APPLIED STOCHASTIC MODELS IN BUSINESS AND INDUSTRY,0,0,0,2,0,1,0,0,0,0,4,4,1,1,10,1,10
ASIA-PACIFIC JOURNAL OF OPERATIONAL RESEARCH,0,0,0,1,0,0,1,0,0,0,2,2,0,1,6,1,6
COMPUTATIONAL OPTIMIZATION AND APPLICATIONS,0,0,0,2,0,1,0,0,0,0,2,3,0,1,10,1,10
COMPUTERS & OPERATIONS RESEARCH,1,0,0,3,0,1,1,0,0,0,15,19,0,3,29,3,29
CONCURRENT ENGINEERING-RESEARCH AND APPLICATIONS,1,0,0,0,0,0,0,0,0,0,1,1,0,1,6,1,5
DECISION SUPPORT SYSTEMS,1,0,0,4,0,1,1,1,0,0,17,38,1,4,21,4,20
DISCRETE EVENT DYNAMIC SYSTEMS-THEORY AND APPLICATIONS,0,0,0,1,0,1,0,0,0,0,2,2,0,1,8,1,8
DISCRETE OPTIMIZATION,0,0,0,1,0,0,0,0,0,0,2,4,0,0,3,0,3
ENGINEERING OPTIMIZATION,0,0,0,1,0,1,0,0,0,0,3,3,0,1,14,1,14
EUROPEAN JOURNAL OF OPERATIONAL RESEARCH,2,0,0,5,0,1,1,0,0,0,22,37,1,5,30,5,30
EXPERT SYSTEMS WITH APPLICATIONS,1,1,1,4,1,2,2,0,0,0,28,53,2,5,52,5,52
IIE TRANSACTIONS,0,0,0,1,0,0,0,0,0,0,2,2,0,1,12,1,12
INFOR,0,0,0,0,0,0,0,0,0,0,0,0,0,0,2,0,2
INFORMS JOURNAL ON COMPUTING,0,0,0,2,0,2,0,0,0,0,7,10,1,2,10,2,10
INTERFACES,1,1,1,2,0,2,0,0,0,0,6,10,0,4,6,4,6
INTERNATIONAL JOURNAL OF COMPUTER INTEGRATED MANUFACTURING,0,0,0,1,0,0,0,0,0,0,1,1,0,0,14,0,14
INTERNATIONAL JOURNAL OF INFORMATION TECHNOLOGY & DECISION MAKING,1,0,0,2,0,0,0,0,0,0,3,3,0,2,9,2,9
INTERNATIONAL JOURNAL OF PRODUCTION ECONOMICS,1,1,1,4,0,1,1,0,0,0,22,36,1,6,42,6,42
INTERNATIONAL JOURNAL OF PRODUCTION RESEARCH,1,0,0,4,0,1,1,0,0,0,19,28,0,4,31,4,31
INTERNATIONAL JOURNAL OF TECHNOLOGY MANAGEMENT,0,0,1,3,0,0,0,0,0,0,7,17,0,3,8,3,8
JOURNAL OF GLOBAL OPTIMIZATION,0,0,0,2,0,1,0,0,0,0,7,5,0,1,15,1,12
JOURNAL OF INDUSTRIAL AND MANAGEMENT OPTIMIZATION,0,0,0,0,0,0,0,0,0,0,0,0,0,0,8,0,8
JOURNAL OF MANUFACTURING SYSTEMS,0,0,0,1,0,1,0,0,0,0,7,7,0,1,22,1,22
JOURNAL OF OPERATIONS MANAGEMENT,1,1,0,5,0,1,0,0,0,0,17,27,1,5,21,5,21
JOURNAL OF OPTIMIZATION THEORY AND APPLICATIONS,0,0,0,3,0,1,0,0,0,0,5,5,0,1,15,1,15
JOURNAL OF QUALITY TECHNOLOGY,0,0,0,0,0,0,0,0,0,0,0,0,0,0,8,0,8
JOURNAL OF SCHEDULING,0,0,0,0,0,0,0,0,0,0,0,0,0,0,,0,3
JOURNAL OF THE OPERATIONAL RESEARCH SOCIETY,2,0,1,3,0,0,0,0,0,0,9,16,0,4,12,4,12
M&SOM-MANUFACTURING & SERVICE OPERATIONS MANAGEMENT,2,0,0,3,0,2,1,0,0,0,9,14,0,4,11,4,11
MANAGEMENT SCIENCE,6,2,1,9,1,2,1,0,0,1,27,54,1,18,25,18,25
MATHEMATICAL METHODS OF OPERATIONS RESEARCH,0,0,0,0,0,0,0,0,0,0,0,0,0,0,5,0,5
MATHEMATICAL PROGRAMMING,1,1,0,3,0,1,0,0,0,0,17,22,1,5,19,4,19
MATHEMATICS OF OPERATIONS RESEARCH,0,0,0,2,0,2,0,0,0,0,5,6,1,1,9,1,9
MILITARY OPERATIONS RESEARCH,0,0,0,0,0,0,0,0,0,0,0,0,0,0,2,0,1
NAVAL RESEARCH LOGISTICS,0,0,0,1,0,0,1,0,0,0,1,2,0,1,8,1,8
NETWORKS,0,0,0,2,0,1,0,0,0,0,4,4,0,1,8,1,8
NETWORKS & SPATIAL ECONOMICS,0,0,0,1,0,0,0,0,0,1,4,5,0,1,12,1,12
OMEGA-INTERNATIONAL JOURNAL OF MANAGEMENT SCIENCE,1,0,0,3,0,1,1,0,0,0,13,17,1,3,26,3,26
OPERATIONS RESEARCH,1,1,0,4,0,2,0,1,0,0,12,20,1,4,,4,0
OPERATIONS RESEARCH LETTERS,1,0,0,2,0,0,1,0,0,0,3,5,1,3,10,3,10
OPTIMAL CONTROL APPLICATIONS & METHODS,0,1,0,1,0,0,1,0,0,1,4,4,0,2,10,2,10
OPTIMIZATION AND ENGINEERING,0,0,0,1,0,1,0,0,0,0,2,1,0,1,7,1,7
OPTIMIZATION LETTERS,0,0,0,3,0,1,0,0,0,0,7,8,0,1,10,1,10
OPTIMIZATION METHODS & SOFTWARE,0,0,0,2,0,1,0,0,0,0,2,3,0,1,10,2,15
PROBABILITY IN THE ENGINEERING AND INFORMATIONAL SCIENCES,0,0,0,2,0,1,0,0,0,0,3,2,0,0,5,0,5
PRODUCTION AND OPERATIONS MANAGEMENT,2,1,1,4,0,1,1,0,0,0,14,21,0,5,18,5,18
PRODUCTION PLANNING & CONTROL,0,1,0,2,0,1,1,0,0,0,8,11,0,3,17,3,17
QUALITY AND RELIABILITY ENGINEERING INTERNATIONAL,0,0,0,2,0,1,0,0,0,0,3,3,0,1,16,1,16
QUEUEING SYSTEMS,0,0,0,2,0,1,0,0,0,0,3,5,0,1,7,1,7
RAIRO-OPERATIONS RESEARCH,0,0,0,1,0,0,0,0,0,0,1,1,0,0,5,0,5
RELIABILITY ENGINEERING & SYSTEM SAFETY,1,0,1,5,0,1,1,0,0,0,15,21,1,5,30,5,30
SAFETY SCIENCE,3,1,2,7,0,1,0,0,0,1,23,52,1,10,28,10,28
SYSTEMS & CONTROL LETTERS,0,0,0,2,0,1,1,0,0,0,4,4,0,1,20,2,32
TOP,0,0,0,0,0,0,0,0,0,0,0,0,0,0,5,0,5
TRANSPORTATION RESEARCH PART B-METHODOLOGICAL,1,0,1,5,0,1,1,0,0,0,22,36,0,4,28,4,28
TRANSPORTATION RESEARCH PART E-LOGISTICS AND TRANSPORTATION REVIEW,1,0,1,1,1,1,0,0,0,0,10,13,0,2,25,2,25
TRANSPORTATION SCIENCE,2,0,0,4,0,1,1,0,0,0,11,15,1,4,18,4,18
