SO,DI,Alt_Wikipedia_Pages _alt,Alt_Tweeters_alt,Alt_Facebook_Pages_alt,Alt_Redditors_alt,soical_FACEBOOK_COUNT_plu,soical_TWEET_COUNT_plu,Twitter Total_plo,Wikipedia Total_plo
PLOS BIOLOGY,10.1371/journal.pbio.1002308,0,19,1,0,55,9,6,0
PLOS BIOLOGY,10.1371/journal.pbio.1002330,0,28,1,0,7,20,8,0
PLOS BIOLOGY,10.1371/journal.pbio.1002321,0,29,1,0,10,17,7,0
PLOS BIOLOGY,10.1371/journal.pbio.1002317,0,27,0,0,10,13,15,0
PLOS BIOLOGY,10.1371/journal.pbio.1002325,0,12,1,0,2,9,1,0
PLOS BIOLOGY,10.1371/journal.pbio.1002310,1,133,7,0,44,103,120,1
PLOS BIOLOGY,10.1371/journal.pbio.1002327,0,15,1,0,5,9,2,0
PLOS BIOLOGY,10.1371/journal.pbio.1002320,0,24,1,0,1,17,13,0
PLOS BIOLOGY,10.1371/journal.pbio.1002316,0,52,1,0,121,32,36,2
PLOS BIOLOGY,10.1371/journal.pbio.1002339,0,53,4,0,6,28,29,0
PLOS BIOLOGY,10.1371/journal.pbio.1002326,0,37,0,0,2,26,19,0
PLOS BIOLOGY,10.1371/journal.pbio.1002313,0,39,1,0,4,17,30,0
PLOS BIOLOGY,10.1371/journal.pbio.1002329,0,41,1,0,5,29,2,0
PLOS BIOLOGY,10.1371/journal.pbio.1002318,0,48,1,0,9,30,41,0
PLOS BIOLOGY,10.1371/journal.pbio.1002323,0,62,0,0,1,39,20,0
PLOS BIOLOGY,10.1371/journal.pbio.1002309,0,57,4,0,95,34,21,0
PLOS BIOLOGY,10.1371/journal.pbio.1002315,0,40,5,0,52,26,32,0
PLOS BIOLOGY,10.1371/journal.pbio.1002312,0,28,2,0,86,10,9,2
PLOS BIOLOGY,10.1371/journal.pbio.1002322,0,24,1,0,9,16,6,0
PLOS BIOLOGY,10.1371/journal.pbio.1002328,0,66,3,0,85,36,34,0
PLOS BIOLOGY,10.1371/journal.pbio.1002311,3,237,7,1,457,165,136,3
PLOS BIOLOGY,10.1371/journal.pbio.1002324,0,55,0,0,14,31,38,0
PLOS BIOLOGY,10.1371/journal.pbio.1002319,2,27,0,0,0,20,9,3
PLOS BIOLOGY,10.1371/journal.pbio.1002305,0,7,0,0,1,6,0,0
PLOS BIOLOGY,10.1371/journal.pbio.1002288,0,22,0,0,47,10,18,0
PLOS BIOLOGY,10.1371/journal.pbio.1002307,0,20,1,0,4,18,1,0
PLOS BIOLOGY,10.1371/journal.pbio.1002291,0,39,0,0,13,23,10,0
PLOS BIOLOGY,10.1371/journal.pbio.1002300,0,157,7,0,203,113,117,0
PLOS BIOLOGY,10.1371/journal.pbio.1002298,0,45,1,0,64,31,19,0
PLOS BIOLOGY,10.1371/journal.pbio.1002306,0,12,1,0,1,6,10,0
PLOS BIOLOGY,10.1371/journal.pbio.1002289,0,18,0,0,12,7,3,0
PLOS BIOLOGY,10.1371/journal.pbio.1002294,0,22,0,0,4,9,4,0
PLOS BIOLOGY,10.1371/journal.pbio.1002303,1,423,9,1,631,315,344,1
PLOS BIOLOGY,10.1371/journal.pbio.1002304,0,15,1,0,17,7,4,0
PLOS BIOLOGY,10.1371/journal.pbio.1002290,0,11,0,0,3,7,0,0
PLOS BIOLOGY,10.1371/journal.pbio.1002297,0,102,1,0,116,66,56,1
PLOS BIOLOGY,10.1371/journal.pbio.1002299,0,80,1,0,53,48,57,0
PLOS BIOLOGY,10.1371/journal.pbio.1002292,0,14,1,0,1,7,2,8
PLOS BIOLOGY,10.1371/journal.pbio.1002295,0,361,3,0,426,283,275,0
PLOS BIOLOGY,10.1371/journal.pbio.1002293,0,20,0,0,8,9,2,1
PLOS BIOLOGY,10.1371/journal.pbio.1002267,0,9,0,0,2,2,4,0
PLOS BIOLOGY,10.1371/journal.pbio.1002285,0,40,0,0,7,23,12,0
PLOS BIOLOGY,10.1371/journal.pbio.1002264,7,248,4,1,109,130,132,2
PLOS BIOLOGY,10.1371/journal.pbio.1002269,0,13,0,0,2,4,3,0
PLOS BIOLOGY,10.1371/journal.pbio.1002274,0,39,0,0,1,24,13,0
PLOS BIOLOGY,10.1371/journal.pbio.1002268,0,6,0,0,0,1,1,0
PLOS BIOLOGY,10.1371/journal.pbio.1002283,0,19,1,0,47,14,11,0
PLOS BIOLOGY,10.1371/journal.pbio.1002270,0,11,0,0,3,1,0,0
PLOS BIOLOGY,10.1371/journal.pbio.1002279,0,94,9,0,998,52,32,0
PLOS BIOLOGY,10.1371/journal.pbio.1002280,0,88,3,1,115,55,50,1
PLOS BIOLOGY,10.1371/journal.pbio.1002275,0,22,1,0,8,9,5,0
PLOS BIOLOGY,10.1371/journal.pbio.1002281,0,171,3,0,137,95,32,0
PLOS BIOLOGY,10.1371/journal.pbio.1002277,0,12,0,0,5,6,0,0
PLOS BIOLOGY,10.1371/journal.pbio.1002282,0,30,0,0,7,26,19,0
PLOS BIOLOGY,10.1371/journal.pbio.1002273,0,338,8,0,111,293,314,0
PLOS BIOLOGY,10.1371/journal.pbio.1002272,0,39,1,0,129,8,15,0
PLOS BIOLOGY,10.1371/journal.pbio.1002266,0,293,4,0,301,142,276,0
PLOS BIOLOGY,10.1371/journal.pbio.1002286,0,21,1,0,21,10,7,0
PLOS BIOLOGY,10.1371/journal.pbio.1002278,0,13,0,0,4,6,0,0
PLOS BIOLOGY,10.1371/journal.pbio.1002276,0,165,4,1,384,101,159,2
PLOS BIOLOGY,10.1371/journal.pbio.1002240,0,40,2,0,44,12,63,0
PLOS BIOLOGY,10.1371/journal.pbio.1002247,0,22,1,0,2,7,3,0
PLOS BIOLOGY,10.1371/journal.pbio.1002248,0,14,2,0,391,105,150,0
PLOS BIOLOGY,10.1371/journal.pbio.1002241,0,17,0,0,0,0,2,0
PLOS BIOLOGY,10.1371/journal.pbio.1002271,0,38,3,0,16,9,17,0
PLOS BIOLOGY,10.1371/journal.pbio.1002238,0,50,1,0,127,7,4,6
PLOS BIOLOGY,10.1371/journal.pbio.1002255,0,28,1,0,6,5,18,0
PLOS BIOLOGY,10.1371/journal.pbio.1002263,2,46,0,0,11,9,10,3
PLOS BIOLOGY,10.1371/journal.pbio.1002230,0,28,0,0,4,5,20,0
PLOS BIOLOGY,10.1371/journal.pbio.1002249,0,136,5,0,537,42,99,0
PLOS BIOLOGY,10.1371/journal.pbio.1002252,0,121,4,0,520,40,6,0
PLOS BIOLOGY,10.1371/journal.pbio.1002259,0,5,0,0,1,0,0,0
PLOS BIOLOGY,10.1371/journal.pbio.1002244,0,20,0,0,1,4,3,0
PLOS BIOLOGY,10.1371/journal.pbio.1002256,0,35,1,0,15,8,6,0
PLOS BIOLOGY,10.1371/journal.pbio.1002243,0,13,0,0,5,1,0,0
PLOS BIOLOGY,10.1371/journal.pbio.1002261,0,27,3,0,29,13,13,0
PLOS BIOLOGY,10.1371/journal.pbio.1002257,0,14,1,0,0,4,11,0
PLOS BIOLOGY,10.1371/journal.pbio.1002260,0,12,1,0,21,1,4,1
PLOS BIOLOGY,10.1371/journal.pbio.1002258,0,3,0,0,0,0,0,0
PLOS BIOLOGY,10.1371/journal.pbio.1002251,0,129,4,0,28,29,46,0
PLOS BIOLOGY,10.1371/journal.pbio.1002262,0,38,2,0,123,16,20,0
PLOS BIOLOGY,10.1371/journal.pbio.1002233,1,19,0,0,0,0,2,4
PLOS BIOLOGY,10.1371/journal.pbio.1002229,0,56,0,0,27,30,51,0
PLOS BIOLOGY,10.1371/journal.pbio.1002253,0,8,0,0,7,3,5,0
PLOS BIOLOGY,10.1371/journal.pbio.1002245,0,38,2,0,76,4,13,0
PLOS BIOLOGY,10.1371/journal.pbio.1002265,0,13,1,1,79,5,7,0
PLOS BIOLOGY,10.1371/journal.pbio.1002242,0,149,8,0,175,26,59,0
PLOS BIOLOGY,10.1371/journal.pbio.1002236,0,47,2,0,39,11,15,0
PLOS BIOLOGY,10.1371/journal.pbio.1002219,0,74,2,1,99,11,37,0
PLOS BIOLOGY,10.1371/journal.pbio.1002235,0,221,8,0,233,64,135,0
PLOS BIOLOGY,10.1371/journal.pbio.1002239,0,22,1,0,5,2,6,0
PLOS BIOLOGY,10.1371/journal.pbio.1002231,0,14,0,0,122,3,8,0
PLOS BIOLOGY,10.1371/journal.pbio.1002161,0,88,0,0,7,33,78,0
PLOS BIOLOGY,10.1371/journal.pbio.1002222,0,6,0,1,3,2,4,0
PLOS BIOLOGY,10.1371/journal.pbio.1002218,0,6,0,0,11,0,2,0
PLOS BIOLOGY,10.1371/journal.pbio.1002225,0,61,1,0,105,15,47,0
PLOS BIOLOGY,10.1371/journal.pbio.1002214,0,3,0,0,4,1,0,0
PLOS BIOLOGY,10.1371/journal.pbio.1002211,0,10,0,0,6,0,2,0
PLOS BIOLOGY,10.1371/journal.pbio.1002212,0,21,0,0,48,0,3,0
PLOS BIOLOGY,10.1371/journal.pbio.1002221,0,56,0,0,5,10,39,1
PLOS BIOLOGY,10.1371/journal.pbio.1002213,0,8,0,0,2,2,1,0
PLOS BIOLOGY,10.1371/journal.pbio.1002226,2,252,12,1,0,87,183,3
PLOS BIOLOGY,10.1371/journal.pbio.1002227,0,75,1,2,78,10,32,0
PLOS BIOLOGY,10.1371/journal.pbio.1002220,0,75,3,0,431,29,172,0
PLOS BIOLOGY,10.1371/journal.pbio.1002224,2,201,3,0,411,45,255,1
PLOS BIOLOGY,10.1371/journal.pbio.1002217,0,48,0,0,83,1,16,2
PLOS BIOLOGY,10.1371/journal.pbio.1002206,0,268,1,0,82,29,165,0
PLOS BIOLOGY,10.1371/journal.pbio.1002183,0,10,1,0,36,0,0,0
PLOS BIOLOGY,10.1371/journal.pbio.1002204,0,81,7,0,240,16,77,0
PLOS BIOLOGY,10.1371/journal.pbio.1002208,1,15,1,0,43,1,15,1
PLOS BIOLOGY,10.1371/journal.pbio.1002202,0,40,3,0,30,5,24,0
PLOS BIOLOGY,10.1371/journal.pbio.1002193,0,42,6,2,74,5,19,0
PLOS BIOLOGY,10.1371/journal.pbio.1002189,0,9,1,0,2,0,0,0
PLOS BIOLOGY,10.1371/journal.pbio.1002201,0,12,0,0,17,1,0,0
PLOS BIOLOGY,10.1371/journal.pbio.1002188,0,12,0,0,6,1,1,0
PLOS BIOLOGY,10.1371/journal.pbio.1002216,0,663,31,2,1042,366,557,0
PLOS BIOLOGY,10.1371/journal.pbio.1002196,0,93,20,1,0,32,93,0
PLOS BIOLOGY,10.1371/journal.pbio.1002192,0,4,0,0,0,0,0,0
PLOS BIOLOGY,10.1371/journal.pbio.1002200,0,26,2,0,12,1,6,0
PLOS BIOLOGY,10.1371/journal.pbio.1002209,0,58,3,0,15,11,44,0
PLOS BIOLOGY,10.1371/journal.pbio.1002190,1,147,5,0,166,17,120,0
PLOS BIOLOGY,10.1371/journal.pbio.1002197,0,19,1,0,29,1,6,0
PLOS BIOLOGY,10.1371/journal.pbio.1002203,0,38,4,0,42,0,5,0
PLOS BIOLOGY,10.1371/journal.pbio.1002191,0,113,0,0,76,14,50,0
PLOS BIOLOGY,10.1371/journal.pbio.1002198,1,312,42,2,2558,86,210,2
PLOS BIOLOGY,10.1371/journal.pbio.1002195,0,806,21,0,561,466,776,0
PLOS BIOLOGY,10.1371/journal.pbio.1002194,0,93,22,2,949,19,58,0
PLOS BIOLOGY,10.1371/journal.pbio.1002210,2,76,1,0,11,25,24,0
PLOS BIOLOGY,10.1371/journal.pbio.1002207,0,11,2,0,3,0,0,0
PLOS BIOLOGY,10.1371/journal.pbio.1002180,0,122,9,0,117,30,39,0
PLOS BIOLOGY,10.1371/journal.pbio.1002166,0,36,0,0,27,12,1,0
PLOS BIOLOGY,10.1371/journal.pbio.1002185,1,225,15,1,228,68,161,7
PLOS BIOLOGY,10.1371/journal.pbio.1002182,0,27,4,0,44,0,11,0
PLOS BIOLOGY,10.1371/journal.pbio.1002181,0,44,12,0,10,0,13,0
PLOS BIOLOGY,10.1371/journal.pbio.1002164,0,59,5,0,46,47,27,0
PLOS BIOLOGY,10.1371/journal.pbio.1002172,0,133,7,0,51,25,136,0
PLOS BIOLOGY,10.1371/journal.pbio.1002167,0,210,8,0,474,95,188,0
PLOS BIOLOGY,10.1371/journal.pbio.1002177,0,24,0,0,3,0,13,0
PLOS BIOLOGY,10.1371/journal.pbio.1002187,0,12,1,0,3,1,1,0
PLOS BIOLOGY,10.1371/journal.pbio.1002174,0,19,1,0,4,9,3,0
PLOS BIOLOGY,10.1371/journal.pbio.1002173,0,13,1,0,44,0,14,0
PLOS BIOLOGY,10.1371/journal.pbio.1002186,0,79,6,0,75,7,52,0
PLOS BIOLOGY,10.1371/journal.pbio.1002162,0,59,2,0,20,32,8,0
PLOS BIOLOGY,10.1371/journal.pbio.1002179,0,22,0,0,10,1,2,0
PLOS BIOLOGY,10.1371/journal.pbio.1002159,0,50,2,1,19,31,41,0
PLOS BIOLOGY,10.1371/journal.pbio.1002178,0,21,0,0,2,0,16,0
PLOS BIOLOGY,10.1371/journal.pbio.1002171,1,116,12,0,587,4,65,6
PLOS BIOLOGY,10.1371/journal.pbio.1002165,1,778,29,3,877,534,733,0
PLOS BIOLOGY,10.1371/journal.pbio.1002168,1,643,30,1,857,410,428,1
PLOS BIOLOGY,10.1371/journal.pbio.1002158,0,46,1,0,25,30,2,1
PLOS BIOLOGY,10.1371/journal.pbio.1002169,0,49,0,0,4,27,15,1
PLOS BIOLOGY,10.1371/journal.pbio.1002175,0,3,1,0,1,0,0,0
PLOS BIOLOGY,10.1371/journal.pbio.1002156,1,33,4,1,16,15,12,1
PLOS BIOLOGY,10.1371/journal.pbio.1002163,0,2,1,0,1,1,0,0
PLOS BIOLOGY,10.1371/journal.pbio.1002153,0,29,1,0,168,14,13,0
PLOS BIOLOGY,10.1371/journal.pbio.1002140,0,30,5,0,77,20,2,0
PLOS BIOLOGY,10.1371/journal.pbio.1002147,0,210,7,0,145,146,105,0
PLOS BIOLOGY,10.1371/journal.pbio.1002157,0,25,1,0,3,13,14,0
PLOS BIOLOGY,10.1371/journal.pbio.1002176,0,2,0,0,0,1,0,0
PLOS BIOLOGY,10.1371/journal.pbio.1002148,0,7,1,0,1,2,0,0
PLOS BIOLOGY,10.1371/journal.pbio.1002145,0,119,8,0,242,106,89,0
PLOS BIOLOGY,10.1371/journal.pbio.1002154,0,15,0,0,2,6,0,0
PLOS BIOLOGY,10.1371/journal.pbio.1002149,0,173,8,0,115,89,126,1
PLOS BIOLOGY,10.1371/journal.pbio.1002155,0,48,2,0,87,38,28,0
PLOS BIOLOGY,10.1371/journal.pbio.1002160,0,47,3,0,233,32,15,0
PLOS BIOLOGY,10.1371/journal.pbio.1002143,0,210,13,0,202,117,46,0
PLOS BIOLOGY,10.1371/journal.pbio.1002170,0,1,0,0,0,1,0,0
PLOS BIOLOGY,10.1371/journal.pbio.1002142,1,14,1,0,10,8,1,17
PLOS BIOLOGY,10.1371/journal.pbio.1002146,0,14,2,0,33,7,3,0
PLOS BIOLOGY,10.1371/journal.pbio.1002151,0,18,1,0,1,11,5,0
PLOS BIOLOGY,10.1371/journal.pbio.1002144,0,46,1,0,10,34,37,0
PLOS BIOLOGY,10.1371/journal.pbio.1002152,0,16,1,0,1,8,0,0
PLOS BIOLOGY,10.1371/journal.pbio.1002135,0,34,2,0,24,22,20,0
PLOS BIOLOGY,10.1371/journal.pbio.1002123,1,66,10,0,320,41,31,2
PLOS BIOLOGY,10.1371/journal.pbio.1002097,0,9,1,0,0,5,0,0
PLOS BIOLOGY,10.1371/journal.pbio.1002121,0,10,2,0,76,5,0,11
PLOS BIOLOGY,10.1371/journal.pbio.1002104,0,105,5,0,18,62,2,0
PLOS BIOLOGY,10.1371/journal.pbio.1002115,0,9,1,0,1,3,0,0
PLOS BIOLOGY,10.1371/journal.pbio.1002122,0,12,1,0,24,3,0,0
PLOS BIOLOGY,10.1371/journal.pbio.1002136,0,18,0,0,1,16,4,0
PLOS BIOLOGY,10.1371/journal.pbio.1002137,0,55,10,0,32,34,23,1
PLOS BIOLOGY,10.1371/journal.pbio.1002126,0,35,0,0,17,17,5,15
PLOS BIOLOGY,10.1371/journal.pbio.1002124,0,47,0,0,9,20,2,0
PLOS BIOLOGY,10.1371/journal.pbio.1002134,0,72,1,0,30,47,24,0
PLOS BIOLOGY,10.1371/journal.pbio.1002130,0,22,2,0,42,9,0,0
PLOS BIOLOGY,10.1371/journal.pbio.1002114,0,33,3,0,13,19,0,1
PLOS BIOLOGY,10.1371/journal.pbio.1002131,0,65,2,3,156,38,45,0
PLOS BIOLOGY,10.1371/journal.pbio.1002133,0,71,1,0,3,51,23,0
PLOS BIOLOGY,10.1371/journal.pbio.1002118,0,57,4,0,82,41,0,0
PLOS BIOLOGY,10.1371/journal.pbio.1002105,0,58,3,0,40,23,7,0
PLOS BIOLOGY,10.1371/journal.pbio.1002117,0,27,0,0,2,15,11,0
PLOS BIOLOGY,10.1371/journal.pbio.1002113,0,76,3,0,50,47,5,0
PLOS BIOLOGY,10.1371/journal.pbio.1002138,0,20,4,0,20,6,10,0
PLOS BIOLOGY,10.1371/journal.pbio.1002077,0,19,0,0,0,11,0,0
PLOS BIOLOGY,10.1371/journal.pbio.1002129,0,11,2,0,2,8,0,0
PLOS BIOLOGY,10.1371/journal.pbio.1002116,0,21,2,0,4,9,0,0
PLOS BIOLOGY,10.1371/journal.pbio.1002112,2,172,12,1,462,120,21,2
PLOS BIOLOGY,10.1371/journal.pbio.1002132,1,62,2,0,30,35,29,1
PLOS BIOLOGY,10.1371/journal.pbio.1002125,0,39,1,0,15,22,2,6
PLOS BIOLOGY,10.1371/journal.pbio.1002139,0,7,0,0,0,6,3,0
PLOS BIOLOGY,10.1371/journal.pbio.1002141,1,101,6,0,114,46,19,2
PLOS BIOLOGY,10.1371/journal.pbio.1002078,1,72,2,0,41,87,43,0
PLOS BIOLOGY,10.1371/journal.pbio.1002120,0,31,3,0,9,9,2,0
PLOS BIOLOGY,10.1371/journal.pbio.1002127,1,135,20,2,608,93,21,3
PLOS BIOLOGY,10.1371/journal.pbio.1002128,0,5626,112,4,5299,5164,2130,0
PLOS BIOLOGY,10.1371/journal.pbio.1002089,0,14,2,0,3,11,0,0
PLOS BIOLOGY,10.1371/journal.pbio.1002110,0,99,5,0,32,52,7,1
PLOS BIOLOGY,10.1371/journal.pbio.1002109,0,47,0,0,59,27,13,2
PLOS BIOLOGY,10.1371/journal.pbio.1002087,0,20,0,0,33,15,0,8
PLOS BIOLOGY,10.1371/journal.pbio.1002096,0,19,0,0,1,7,0,0
PLOS BIOLOGY,10.1371/journal.pbio.1002107,0,9,1,0,1,6,0,0
PLOS BIOLOGY,10.1371/journal.pbio.1002082,0,115,7,0,53,6,66,0
PLOS BIOLOGY,10.1371/journal.pbio.1002094,0,26,2,0,12,15,0,2
PLOS BIOLOGY,10.1371/journal.pbio.1002095,0,57,0,0,25,36,0,0
PLOS BIOLOGY,10.1371/journal.pbio.1002088,0,15,1,0,4,10,0,0
PLOS BIOLOGY,10.1371/journal.pbio.1002119,0,17,3,0,47,11,0,0
PLOS BIOLOGY,10.1371/journal.pbio.1002108,0,26,4,0,32,20,3,0
PLOS BIOLOGY,10.1371/journal.pbio.1002093,0,17,3,0,18,2,1,0
PLOS BIOLOGY,10.1371/journal.pbio.1002081,0,11,1,0,6,1,1,0
PLOS BIOLOGY,10.1371/journal.pbio.1002086,2,786,42,2,2172,518,82,5
PLOS BIOLOGY,10.1371/journal.pbio.1002106,2,1010,59,5,2493,630,399,6
PLOS BIOLOGY,10.1371/journal.pbio.1002111,0,18,2,0,1,12,0,8
PLOS BIOLOGY,10.1371/journal.pbio.1002098,0,190,9,1,1,137,19,0
PLOS BIOLOGY,10.1371/journal.pbio.1002103,0,20,1,0,1,15,0,0
PLOS BIOLOGY,10.1371/journal.pbio.1002084,0,28,1,0,1,13,0,0
PLOS BIOLOGY,10.1371/journal.pbio.1002085,0,24,1,0,4,12,0,0
PLOS BIOLOGY,10.1371/journal.pbio.1002060,0,4,2,0,7,2,1,0
PLOS BIOLOGY,10.1371/journal.pbio.1002059,0,1,1,0,2,0,0,0
PLOS BIOLOGY,10.1371/journal.pbio.1002066,0,27,2,0,4,12,27,0
PLOS BIOLOGY,10.1371/journal.pbio.1002051,0,3,2,0,2,0,0,0
PLOS BIOLOGY,10.1371/journal.pbio.1002053,0,1,0,0,0,1,0,0
PLOS BIOLOGY,10.1371/journal.pbio.1002067,0,20,2,0,24,14,14,0
PLOS BIOLOGY,10.1371/journal.pbio.1002062,0,2,1,0,0,2,4,0
PLOS BIOLOGY,10.1371/journal.pbio.1002054,0,0,1,0,1,0,0,0
PLOS BIOLOGY,10.1371/journal.pbio.1002058,0,0,1,0,3,0,1,0
PLOS BIOLOGY,10.1371/journal.pbio.1002069,0,2,0,0,0,0,0,0
PLOS BIOLOGY,10.1371/journal.pbio.1002073,0,110,1,0,47,31,29,0
PLOS BIOLOGY,10.1371/journal.pbio.1002079,0,13,0,0,4,0,0,0
PLOS BIOLOGY,10.1371/journal.pbio.1002068,0,6,1,0,1,5,2,0
PLOS BIOLOGY,10.1371/journal.pbio.1002070,0,15,1,0,58,2,0,0
PLOS BIOLOGY,10.1371/journal.pbio.1002071,0,3,0,0,2,1,0,0
PLOS BIOLOGY,10.1371/journal.pbio.1002076,0,15,3,0,34,2,6,0
PLOS BIOLOGY,10.1371/journal.pbio.1002101,0,5,1,0,0,2,0,0
PLOS BIOLOGY,10.1371/journal.pbio.1002074,0,312,15,1,340,69,46,1
PLOS BIOLOGY,10.1371/journal.pbio.1002063,0,0,1,0,29,0,0,0
PLOS BIOLOGY,10.1371/journal.pbio.1002065,1,10,5,0,26,5,17,1
PLOS BIOLOGY,10.1371/journal.pbio.1002075,0,44,3,0,30,4,4,0
PLOS BIOLOGY,10.1371/journal.pbio.1002064,0,34,0,0,65,38,35,0
PLOS BIOLOGY,10.1371/journal.pbio.1002049,0,3,2,0,5,1,1,2
PLOS BIOLOGY,10.1371/journal.pbio.1002072,0,4,0,0,4,0,0,0
PLOS BIOLOGY,10.1371/journal.pbio.1002083,0,9,0,0,0,1,0,0
PLOS BIOLOGY,10.1371/journal.pbio.1002061,0,20,3,0,15,13,22,0
PLOS BIOLOGY,10.1371/journal.pbio.1002080,1,15,0,0,3,0,2,1
PLOS BIOLOGY,10.1371/journal.pbio.1002046,0,5,2,0,23,2,6,0
PLOS BIOLOGY,10.1371/journal.pbio.1002057,0,1,2,0,25,0,11,0
PLOS BIOLOGY,10.1371/journal.pbio.1002040,1,20,2,0,97,26,14,1
PLOS BIOLOGY,10.1371/journal.pbio.1002056,0,13,3,0,14,6,7,0
PLOS BIOLOGY,10.1371/journal.pbio.1002045,1,11,8,0,36,3,7,2
PLOS BIOLOGY,10.1371/journal.pbio.1002044,0,5,1,0,18,3,2,9
PLOS BIOLOGY,10.1371/journal.pbio.1002037,0,41,10,0,5,22,33,0
PLOS BIOLOGY,10.1371/journal.pbio.1002048,0,1,2,0,15,0,3,0
PLOS BIOLOGY,10.1371/journal.pbio.1002047,0,47,27,3,755,49,25,5
PLOS BIOLOGY,10.1371/journal.pbio.1002052,0,52,4,0,31,9,9,0
PLOS BIOLOGY,10.1371/journal.pbio.1002042,0,1,0,0,12,1,3,0
PLOS BIOLOGY,10.1371/journal.pbio.1002050,0,66,10,0,91,105,84,0
PLOS BIOLOGY,10.1371/journal.pbio.1002035,0,10,1,0,0,7,9,0
PLOS BIOLOGY,10.1371/journal.pbio.1002033,0,109,2,0,28,70,109,0
PLOS BIOLOGY,10.1371/journal.pbio.1002039,0,4,2,0,5,3,2,3
PLOS BIOLOGY,10.1371/journal.pbio.1002034,0,29,3,0,12,21,29,0
PLOS BIOLOGY,10.1371/journal.pbio.1002038,0,1,1,0,1,1,0,1
PLOS BIOLOGY,10.1371/journal.pbio.1002041,0,1,0,0,0,1,2,0
PLOS BIOLOGY,10.1371/journal.pbio.1002036,1,67,13,0,76,71,74,1
